{"coef":[8.414560240682322,-0.08526031794332693,-0.027283211726484905,-0.019775221736279838,0.07566847189654537],"n":10,"r2":0.2618783813768635,"mae":0.4015796713379878,"rmse":0.5154840275938034}