{"coef":[6.999521724424939,-0.01578849851313869,-0.006430017969112118,-0.004437645357033977,-0.04778767059245661],"n":23,"r2":0.1179500839833888,"mae":0.40017387494137324,"rmse":0.4473107839865778}